collector,tags
2,"doraemon, manga"
3,"Cameras, Jewelry, Postcards"
5,"CDs, records, hats, t-shirts"
6,"slide puzzles, American History books, stone eggs, 1920s furniture, 1930s furniture"
12,
13,"cuff links, snap cowboy shirts and western wear, guns"
16,"Dragons, DVD Gift sets, Disney, coins, Elvis"
20,"Tea Pots, Mirrors"
30,"music memoriabilia, t-shirts, bobble heads"
52,"Dinosaur collectibles, prehistoric animal collectibles"
57,"Harry Potter, dolls, Tinker Bell"
59,"ephemera, magazines, feminist and women's stuff, advertising, books, figurines, vintage, retro, kitsch"
67,"Vintage lingerie, vintage fashions, vintage lingerie advertising, vanity items, textiles, girly stuff"
79,"New York City area event ephemera, autographs"
82,"stickers, vinyl, plastic designer toys"
83,science fiction
90,Pez
109,"Star Wars, Vintage Game Consoles, 1980s toys"
114,"records, comics"
143,"records, albums"
150,Teenage Mutant Ninja Turtles
161,salt and pepper shakers
185,"Vintage purses, vintage jewelry, vintage art, vintage hats, J&B decanters"
208,"Casper, Dragon Hunters, Anime Cels"
230,"McFarlane NFL, MLB, Simpsons, Gears of War, Muppet Show, Star Wars, Transformers, Alternators"
232,Spider-man Memorabilia
235,"insects, sea shells, coins, stamps, historical memorabilia"
318,
453,Lion King
462,Vintage Ephemera
472,Batman
515,"Movie props, television props, Henry VIII memorabilia, Tudor memorabilia "
525,"Movie props, Teenage Mutant Ninja Turtles"
531,RECORDS
553,"Shot Glasses, Coins, Comic Books"
567,"Harry Potter, music"
568,Power rangers
570,Nike SB Dunks
571,sneakers
572,"Beer, soda, advertising, signs, furniture, clocks, pin-ups"
575,"tikis, cameras, projectors, radios"
577,Teenage Mutant Ninja Turtles
579,Air Jordans
581,"Fauna and Flora Stamps, Pins, Pocket Calendars, Postcard, Figurines "
583,Sneakers
584,sports cards
585,sneakers
586,robots
587,"vintage toothbrushes, DVDs, videos, canes"
588,Sneakers
590,SNEAKERS
591,"dinosaur toy figurines, fossils"
593,Nike Sneakers
596,Sneakers
597,Pez
598,PEZ
599,pez
600,"pez, antiques"
602,"pez, fanny farmer, advertising characters, pillsbury doughboy, toy glass candy containers"
603,PEZ Dispensers
607,Wonder Woman Memorabilia
608,Pez
609,Pez
612,PEZ
614,PEZ dispensers
619,"Pez Dispensers, Metal Lunchboxes, Tattoos"
621,"Vintage Star Wars, vintage Looney Toons, Iron Giant"
622,Pez Dispensers
624,World Culture Barbie Dolls
625,"Barbie dolls, spoons, postcards, coins, keychains, stamps"
627,"Vintage Star Wars Action Figures, Sneakers"
628,"Barbie dolls, Star Wars, Lord of the Rings"
629,Star Wars
633,baseball cards
635,Vintage Star Wars
636,Nike SB
637,
638,Star Wars memorabilia
640,"Nike sb, Air Jordans"
643,"Beads, Valliancourt porcelin figurines, Beanie Babies"
644,"Art, cars"
645,Pez
646,"sneakers, toys, watches"
647,"Pez, action figures, coins, stamps, sports programs, comic books, baseball and football cards, Heroclix"
648,electronics
649,PEZ Dispensers
652,Barbie Dolls
654,"science fiction Toys, Games"
655,fashion dolls
656,"PEZ, Wacky Package stickers, Silly Putty, Universal Monster"
663,"Star Wars Lego sets, Star Wars minifigures"
665,wind
667,"Fiestawear, Pottery, Glasswear"
669,jordans
670,Star Wars
671,Lego
672,baseball cards
673,"Legos, Blues Brothers"
674,Legos
675,Pez
677,Lego
678,"barbie dolls, bjd, articulated japanese dolls"
682,Barbie dolls
684,Lego Sets
685,mattel my child dolls
686,exotic wood
689,Elephants
690,Lego
692,Littlest Pet Shop Toys
693,Pez Candy
695,Ty Beanie Babies
700,"barbie dolls, genes, tylers"
704,Pokemon Cards
706,boyds bears
710,beaded charms
712,Wonder Woman
713,"Neopets, Pokemon, trilobites"
714,Diecast 1:18 Moviecars
715,ty beanie babies
717,"Tarot Cards, Coins"
718,Walt Disney Company Cast Member Nametags
719,star wars
720,DC Comics
722,vaillancourt folk art
724,"Barbie dolls, Artist vinyl and porcelain dolls"
726,"Jordans, Air maxes, nikes"
730,Diecast models
731,"Star Wars figures, Disney pins, Disneyland hats"
732,"Star wars figures, books, comics, video games, comic books"
733,"Teatags, tea labels"
734,Dinosaurs
735,"Dolls, Stamps, Books, Maps"
737,Diecast Model Cars
746,"Hot Wheels, Matchbox Cars"
750,Sports Trading Cards
752,prehistoric animal collectibles
753,"Dinosaur toys, dinosaur models, dinosaur ephemera"
755,Russian Posters 1917-1936
756,Mattel Hot Wheels
757,Jordan Sneakers
758,"Diecast cars, diecast subway trains"
759,
760,"money, spoons, plates"
762,"action figures, comics"
763,diecast model cars
764,"toy animals, dinosaur figures"
765,anything old
766,"porcelian dolls, beanie babies, water globes"
767,prehistoric animals
769,Viewmaster Reels
770,star wars vintage
772,teatags
773,1:18 scale cars
775,"Jim Henson's Muppets, nightmare before christmas"
777,Marilyn Monroe memorabilia
778,Action Figures
779,"Barbie Dolls, Coca-Cola, Comic books"
780,"Surfboards, Skateboards, Guitars"
781,"Power Rangers, Sentai, Beetleborgs, Transformers, Marvel, Star Wars, Movie character figures"
783,Spiderman
785,"graffiti, art, miniatures, foreign currency"
786,Precious Moments
791,"Cookie jars, retro kitchenalia"
792,Salt and pepper shakers
794,action figures
795,"MAC Collections, Barbie Dolls"
797,books
799,"Records, CDs, DVDs"
800,"action figures, military"
802,phish memorabilia
803,Cross Jewelry
805,Dinosaurs
807,snowglobes
808,antique road atlas
809,Dinosaurs
810,"tigger, hallmark"
812,"Mary Engelbreit, Harker Apple Pear"
813,"Movie Props, movie Memorabilia"
817,Pez
818,Star Wars
820,"HMMWV, Humvee, Hummer, Hum-V H1s"
822,"Ancient Coins, Cameras"
824,Snowglobes
826,ElVIS PRESLEY
827,Disney Snowglobes
828,tea bag wrappers
829,Vinyl
830,Dinosaurs
831,jordans
832,"Diecast cars, comics, sports memorabilia"
834,coins
835,world coins
837,Model Dinosaurs
838,"Snowdomes, snowglobes, waterglobes, glitterglobes, souvenir snowglobes"
839,Snowglobes
840,"television props,  Bewitched, I Dream of Jeannie"
841,Marx dinosaurs
842,"Banknotes, coins, fossils, minerals, shells"
843,vintage 60's bobblehead dolls
844,toys
846,snowglobes
847,
849,Snowglobes
850,"Cards, Coins"
851,
852,beanie babies
854,snowdomes
856,Elvis Presley memorabilia
857,"Vintage brewery advertising signs, beer cans"
858,"Antique Folk Art, Home and Garden items"
859,"kitchen implements, old tractors, pa dutch objects, folk art, brazilian art"
860,stamps
862,Elvis Presley memorabilia
864,"Vintage plus-sized clothing, accessories"
867,corkscrews
869,"Paintings, prints"
870,Dinosaurs
871,miller high life
873,Plush
874,Elvis Presley memorabilia
875,"snowglobes, snowdomes"
877,"19th century European antiques, early 20th century European antiques"
878,Elvis Presley memorabilia
879,LEGO
880,"Clothes, althletic gear, shoes, toy Motorbikes"
883,beer glasses
885,"Maps, postcards, motel directories, restaurant brochures"
886,matchbox cars
887,guitars
888,metal music boxes
889,Prehistoric animal figures
892,salt and pepper shakers
893,Art
894,"Coins, banknotes"
895,beer glasses
896,
904,"board games, plush, electric razors and shavers"
905,"Imaginext toys, precious moments, Gone with the Wind memorabilia, Elvis Presley memorabilia"
906,"movie collectibles, magazine back issues"
909,Ancient Roman Coins
910,Vintage Lingerie
911,pandas
912,Brewery advertising
914,"VINTAGE BEER CANS, BEER SIGNS"
915,Busch Beer Memorabilia
916,"Beer Napkins, Breweriana"
917,"Diecast Cars, Hot Wheels, Greenlight, M2 Machines, Johnny Lightning"
919,snow buddies
920,"Beer Bottles, Narragansett Breweriana"
922,Black Action Figures (Blaction)
923,"Around The World Program,maps"
925,vintage lingerie
926,rare coins
927,pandas
928,"Brewery advertising, Walter's Brewing, Wisconsin Breweriana, U.S. gallon cans, Beer punch boards, PAM/Telechron Beer clocks"
931,Sportscans
932,"Action Figures, Spider-man, Books, Hot Wheels"
934,glass bowls
935,"Vintage lingerie, boudoir accessories"
936,"purses, jewelry boxes"
938,"beanie babies, birds, dolls"
940,"McCoy Pottery, McCoy Cookie Jars"
942,"Vintage Lingerie, Vintage Dolls"
943,Coins
944,Political Memorabilia
945,"Volkswagen toys, Volkswagen memorabilia"
946,Hot Wheels
947,COINS
948,"Dinosaur Toys, dinosaur Replicas"
949,"Dinosaur Toys, dinosaur Collectibles"
950,Vintage clothing
951,American antique furniture
954,"vintage purses, vintage jewelry, estate jewelry, vintage dresses"
958,Hot Wheels
961,"Tienshan Country Bear, Primitive Folk Art, Primitive/Folk Noah's Ark items, Infant Jesus of Prague, Russian Nesting Dolls, Russian Icons, Rosaries, Catholic Items"
962,"autographs, political buttons, sports cards"
963,Theodore Roosevelt memorabilia
964,Hot Wheels
965,Hot Wheels
967,"Vintage clothing, vintage lingerie"
971,salt and pepper shakers
975,"Dragons, My Little Pony, plushies, action figures, toys, books, DVDs, video games"
976,political memorabila
977,political memorabila
978,"Bill Clinton memorabilia, Hillary Clinton memorabilia, Barack Obama memorabilia"
979,Batman
980,Rafiki
982,"lloyd loom , louis icart , primitive antiques"
983,"vintage cameras, negatives"
987,ELEPHANTS
988,Telephones
991,"Flintstones, CFL Saskatchewan Roughriders, Pebbles Cereal Premiums"
993,"animal toys, dinosaurs toys"
994,"tea cups, saucers"
995,Turtle Jewelry
996,19th C. American clocks
997,"Coins, Paper Money, Stamps, Photographs, Shells, Antiques, CDs, DVDs"
998,keychains
999,vintage star wars action figures
1000,fairies
1001,Cellular telephones
1002,clocks
1003,unicorns
1004,"antique toys, tools, clocks"
1006,Second Life artwork
1007,Dinosaurs
1008,"Radio paraphernalia , WWII paraphernalia, Lighters"
1010,"Kubricks, Marvel Legends, DCUC"
1011,"Action Figures, Robots"
1013,Marx trains
1014,Horror
1016,"Teenage Mutant Ninja Turtles, Motu, ML, DCUC, GI Joe, etc..."
1017,"DC Comics, Doctor Who, JLU, Marvel Universe, Horror, Teenage Mutant Ninja Turtles"
1018,"beer coasters, beer steins"
1019,Horror
1020,Friday the 13th Memorabilia
1022,"comics, horror "
1024,"Horror collectibles, Transformers, Ghostbusters, He-Man, Teenage Mutant Ninja Turtles, Star Trek"
1025,DVDs
1026,Action figures
1027,Friday the 13th Memorabilia
1029,Tactical folding Knives
1031,"sports figures, horror movie figures"
1032,horror movie collectables
1033,WWF LJN Figures
1034,Movies
1036,"horror movie masks, horror movie figures"
1040,vinyl
1041,"Sports memorabilia, Horror movie figurines"
1044,"1:18 scale, 3 & 3/4 inch action figures"
1045,"Marvel Legends, DCUC, Cinema of Fear, Star Wars"
1046,1/6th figures
1047,"Action Figures, Comics, Comic Art"
1051,Dragons
1052,horror figures
1054,Horror DVDS
1055,Antique clocks
1057,Living Dead Dolls
1058,"Hulk, Friday The 13th, Godzilla, Gamera, Hellboy, Batman"
1060,x-treme figurines
1061,"GI Joe, Go-Bots, 3 3/4 figures, 80's KO toys, Transformers, Rock Lords, Inhumanoids"
1062,"telephones, payphones"
1064,"Teenage Mutant Ninja Turtles, Anime, Manga, Pins, Beanie Babies"
1068,horror figures
1069,toys
1070,"Skeleton clocks, tower clocks, vault timers"
1071,antiques
1072,"living dead dolls, action figures"
1073,"Antique Telephones, Signs, Memorabilia"
1074,Power Ranger Costumes
1075,"science fiction figures, fantasy figures, horror figures"
1076,"Bleach, DC Comics action figures, Marvel action figures, movie superhero figures"
1077,telephones
1079,
1081,old Taiwanese telephones
1082,Living Dead Dolls
1083,clocks
1084,David Smith Weathervanes
1085,"folding knives, eggs, unicorns"
1087,"Hot Wheels, 1/18th scale diecast"
1089,comics
1093,Living dead dolls
1100,Vintage American Telephones
1105,decorative eggs
1107,"Eggs, Gourds, Barbie dolls, Fashion Dolls"
1109,action figures
1110,"Model Dinosaurs, Posters"
1111,"Bottles, shot glasses"
1112,"action figures, sports memorabilia, shoes, purses, clothing"
1113,Faery and Fantasy Artwork
1114,Warhammer Minatures
1115,"Ephemera, Jewelry, Antiques, Vintage"
1117,Magnets
1118,Vintage purses
1119,"kubrick, bearbrick, street fighter, capcom, nintendo, mario kart, marvel"
1122,Harry Potter
1123,"movie memorbilia, vintage clothing, hats, shoes, purses, glassware, trunks, footlockers, mirrors, books, magazines, coins, stamps, linens"
1125,rubber ducks
1126,"telephones, radios, Goebel Beer artifacts"
1127,Decorative Eggs
1130,super mario
1132,"ephemera, Spode, military "
1133,Coke memorabilia
1134,Rubber ducks
1136,Rubber Ducks
1138,"rubber ducks, action figures, comic books, dunnys, dollhouse miniatures, postcards, business cards"
1140,Egg Art
1141,rubber ducks
1142,Rubber Ducks
1144,Rubber ducks
1145,books
1147,
1150,"dinosaurs, toy soldiers, TV character figures, Presidential campaign buttons"
1152,pencil sharpeners
1153,"Zombie films, Living Dead"
1155,Hot Wheels 1:64 Scale
1156,barbie dolls
1160,Space memorabilia
1161,"U.S. Spacecraft , Launch Vehicle , Rocketry Technology"
1164,Teenage Mutant Ninja Turtles
1167,lion king
1168,"Railroad China, Restaurant Ware, Art Glass"
1169,"comic books, legos"
1170,"vintage, sports models"
1171,"cookie jars, retro kitchenalia"
1174,Civil War era cartes de visite
1175,"Rock and Roll memorabilia, Rolling Stones"
1176,rubber ducks
1177,M&Ms
1178,Refrigerator Magnets
1179,"Breweriana, college football programs, media guides, ticket stubs, postcards, books "
1180,"cupcake tins, pink kitchen items"
1181,M&Ms
1182,"pottery, lighters "
1183,"antiques, dolls, beads, postcards, glass, stamps"
1184,"Cameras, Coins, Stamps"
1185,1980s Cartoon Memorabilia
1186,"magnets, heart-shaped objects"
1187,salt and pepper shakers
1189,"sports cards, coins"
1190,"refrigerator magnets, squished pennies, floaty pens, post cards, U.S. National Park Passport Stamps"
1191,"Vintage Pyrex, sock monkeys, vintage fabric, vintage Fisher-Price, Miniatures, Amusement Park Maps, vintage luggage, toys, dolls"
1192,plastics
1193,Jurassic park toys
1194,"Salt and Pepper Shakers, Nodders"
1195,WWII Action figures
1196,"vintage cookbooks, sundae glasses, vintage pins, sewing equipments, dolls, children's books"
1197,"photographs, postcards, magazines, booklets, cookbooks"
1198,"prehistoric animals, thor"
1199,"Barbie dolls, Fisher Price toys"
1200,"Vintage Pyrex, kitchen glassware, Vintage Clothing, vintage Costumes, vintage Accessories, BMW Isettas, Vintage Toys, vintage Birds"
1201,Militaria
1202,"Blythe Dolls, Pullip Dolls, Shoes, Fabric, Shells, Rocks, Coins, Keane Memorabilia, Vintage Pyrex, Vintage Lotus Bowls, Postage Stamps, Polaroid Cameras, Vintage Trim & Notions, Marbles, Arrowheads, Unazukin, Cathrineholm Enamelware, Pez Dispeners"
1204,"Barbie dolls, Fashion dolls, Baby dolls"
1206,Hot Wheels
1207,"electric kitchen appliances, toasters, waffle irons, egg cookers, corn poppers"
1208,Vintage powder compacts
1209,"Stars Wars vintage, Beatles original items"
1210,stamps
1211,"1960s memorabilia, 1970s memorabilia"
1212,"Black movie posters, animation, comic books, 1970s Black crime novels, stamps"
1213,
1214,horror action figures
1216,"textiles, sewing items, clothing, pink, tablecloths"
1219,"Finnish ceramics and enamelware, Scandinavian ceramics and enamelware, vintage pyrex"
1221,
1222,Beer Fishing signs
1223,"ceramic poodles, weird dolls, ephemera, art, vintage ballet books, Eva Zeisel dishes, shirts"
1224,"John Carpenter, Halloween, movie memorabilia"
1226,plastic Christmas blow molds
1228,Re-ment Miniature
1229,Lion King
1231,cookie cutters
1233,"Kromex, Lincoln BeautyWare, Pyrex, Hazel Atlas, Fire King, GlasBake, Melmac, vintage aqua kitchen items, Globes, Vintage cameras, momiji dolls"
1234,"lebanese coins, Lebanese banknotes"
1235,shells
1236,vintage art
1237,models
1238,Fiesta
1239,Soviet and Russian Cameras
1240,"film, cameras"
1241,"McDonalds, Mr. Potato Head"
1242,Cameras
1243,WWII militaria
1246,"film, cameras"
1247,Ty Beanie Babies
1248,"Military memorabilia, Civil War, World War II"
1249,antique stoves
1250,Salt and Pepper Shakers
1251,
1252,"Porcelain dolls, vinyl Dolls, Teddy Bears"
1253,"Canadian Militaria, parachute badges"
1255,shoes
1256,"Silent films, Audrey Muson"
1257,German WWII militaria
1258,Vintage Pyrex
1259,"Vintage Dishes, Hankies, Linens, Fabrics, Trims, Ribbons, Fabric, Sewing Items, beads"
1260,Salt and Pepper Shakers
1261,Lion King
1262,Steiff
1263,Salt and Pepper Shakers
1266,"Chicken items, kitchenalia"
1270,"Salt and Pepper Shakers, Vintage Toys, Anthropomorphic Figurines "
1271,Precious Moments
1275,Dinosaurs
1276,nike sbs
1277,Salt and Pepper shakers
1281,"Head Vases, Cookie Jars, Depression Glass, Aladdin Oil Lamps"
1282,"cookie jars, plates, dishes, sewing machines"
1283,Vintage Cookie Jars
1284,"manga, blythe, licca, my melody, game boys, piercings"
1285,
1286,Salt & Pepper shakers
1288,salt and pepper shakers
1293,Manga
1294,Manga
1295,"Manga, Anime, Harry Potter, Qui-Gon Jinn, Fantasy Figurines, Stuffed Animals, Pencil Boards, Doujinshi, Art Books"
1296,"anime, manga, sailor moon "
1298,"Sailor Moon, Dolls"
1301,"anime, manga, comics, figures, masamune shirow"
1302,toys
1303,Manga
1306,Dinosaurs
1312,ice cream memorabilia
1313,"Toy animals, model cars"
1317,"animal replicas, historical people, fantasy creatures, dinosaurs, coins, stamps, badges, fossils, gems, medals, keychains, napkins"
1318,Garbage Pail Kid Cards
1319,"Boxes, perfume bottles"
1321,aprons
1323,"WWI, WWII, military weapons, helmets"
1325,Plastic
1326,Vintage Training Bras
1328,"great hick events, wood working tools"
1331,"antique trunks, antique furniture, antique books"
1333,"Horror figures, posters"
1337,Thor
1341,DVDs
1346,Michael Jackson Memorabilia
1348,Dinosaurs
1349,"Sinclair, spanish gamebooks"
1350,antique toasters
1351,"Marvel, DC Comics, action figures"
1353,"harley-davidson memorabilia, Harley-Davidson letters"
1354,autographs
1358,"CDs, LPs, Cassettes, concert t-shirts, Sheep"
1359,"Motorcycle postcards, ephemera"
1360,"Beatles memorabilia, music"
1361,beer signs
1363,"anime, manga"
1364,Dinosaurs
1365,"Disney Pins, Coach Bags, Teapots"
1368,Transformers
1369,Silent Hill Merchandise
1371,"Ceramics, Books"
1374,"The X Files, Superman "
1375,
1377,
1379,"vintage kitchenware, vintage pottery, Pyrex, cameos, anything Victorian, vintage linens"
1380,"Plushies, Lion king"
1381,toy motorcycles
1383,space memorabilia
1384,M&Ms dispensers
1385,
1387,cards
1388,"diecast models, plastic models, musical instruments"
1389,Militaria
1390,"candy dispensers, Pez, M&Ms, Kabaya"
1392,
1394,"Space memorabilia, Flashlights, Comets, Halloween, Lincoln"
1397,Star Wars
1398,Star Wars
1399,Lion King
1400,Harry Potter
1401,Harry Potter
1402,Harry Potter
1403,"Universal Cat Tail china, Hall Crocus china, Chinese Red china, Blue Caprice glass, Pink Queen Mary glass"
1404,
1405,"hello kitty, batman, labyrinth, duckies"
1406,"cameras, scale model cars"
1408,Websites
1410,Militaria
1411,plastic animals
1412,cookie jars
1413,Elvis Presley memorabilia
1414,Animals  figurines
1416,
1417,Gold Ranger
1419,Lion King
1420,ephemera
1422,tea pots
1424,shakespeare books
1425,disney figurines
1427,dinosaurs
1428,"electric motors, electric meters"
1432,action figures
1433,"dollhouse miniatures, Living Dead Dolls, mini Pullip dolls, crystals, rocks, vintage lace, leather"
1435,Hockey Cards
1436,"Motorsports, cameras"
1439,"scottish terriers, heart shaped boxes, hummingbirds, chili peppers"
1440,harry potter
1441,Lion King
1442,vintage
1443,"spiderman, resident evil figures"
1445,"Harry Potter, Living Dead Dolls"
1446,"Tonner Dolls, Royal Doulton Figurines, Barbie dolls, Coins"
1447,
1448,Volkswagon
1451,Dinosaurs
1453,"Sailor moon, Nintendo, Games, Hello Kitty, Sanrio"
1456,harley-davidson
1458,re-ment
1459,Dungeons and Dragons
1460,"1980s figures, mad, masters of the universe, gi joe, wwe classic superstars, comics"
1462,"Dinosaur figures, Star Wars Collectibles, Black Stallion Collectibles"
1464,"Blythe dolls, Re-Ment miniatures, vintage storybook albums"
1467,"vintage toys and games, lunchboxes, vintage advertising, pin ups, art deco, political buttons"
1470,"Garrard, Record Players, accessories, documents"
1472,Disney Snowglobes
1475,
1476,"magazines, figurine statues"
1479,plastic animal figures
1480,
1481,'Stone Cold' Steve Austin
1482,
1484,"Fish, mermaids, pixies, gnomes, elves"
1486,"tea cups, powder compacts, spaghetti poodles, deers, fabrics"
1490,"Pyrex, depression glass, Fire King, Blue Mountain Pottery"
1491,Art
1492,Miniature Perfume bottles
1494,"m&ms, Longaberger"
1496,
1497,Disney pins
1500,Bronze Statues
1501,Rubber Ducks
1503,Harry Potter
1505,Teenage Mutant Ninja Turtles
1506,"action figures, dolls"
1508,"Lion King, Balto, Disney"
1509,"Masterpiece Transformers, Yamato Macross 1/60 Scale Vakyries, Lego, PVC Statuettes"
1510,Schleich Figurines
1513,Dinosaurs
1515,"CIRCUS, VAUDEVILLE, Traveling Show memorabilia"
1517,Disney Memorabilia
1521,"Vintage, retro, home decor"
1524,english manga
1531,Snowglobes
1533,"animal figurines, bobble heads"
1537,"Political Items, Commercial Aviation Items, Coins, Currency, Stock Certificates"
1538,Lion King
1539,"Prints, Silver, Books, Kitchenalia, Cameras, Sunglasses, Kokeshi Dolls, Suitcases, Sewing Machines"
1540,disney toys
1543,living dead dolls
1544,VINTAGE ITEMS
1545,"Star Wars Miniatures, Heroclix, D&D Minis"
1547,"Lightsabers, guitars, hoodies, historic artifacts, guitars, records"
1548,"Dragons, Dinosaurs"
1549,batman
1550,Disneyana
1551,"vintage pyrex, vintage kitchenalia"
1554,"antiques, ecclesiastical art, pop culture"
1555,Power Rangers
1558,rubber ducks
1560,books
1561,"Reisler, Britains, Lineol, Elastolin, Brigader Statuette"
1562,"rocks, fossils, meteorites"
1565,"Pez, Candy Dispensers, Toy Story, Spice Girls, Salt and Pepper shakers, Manieke Nekos, Dolls"
1570,"Keys, padlocks, railroad locks"
1572,"Schleich animal figurines, Schleich human figurines"
1573,M&Ms
1575,"Batman, DC Comics, marvel, transformers"
1577,beer posters
1578,"beer advertising, brewery advertising"
1580,posters
1581,"Marbles, Magic: The Gathering, Zippo, PEZ"
1585,"Art glass, china"
1589,"Almquist Stuff, USMC"
1591,Harry Potter
1593,Disney figurines
1594,"comic books, movies, graphic novels, original comic art, records, Captain Marvel"
1595,Beer cans
1597,
1598,"Merlin sticker albums, Topps sticker albums"
1600,"photographs of tattoos, ephemera, antique erotica, urban vinyl toys, vintage Catholic memorabilia, dice, old Monopoly pieces, fossils, library book check-out cards, newspaper articles"
1603,"Lion King, plush toys, My Chemical Romance memorabilia, skeleton keys, world coins "
1604,folk art
1605,"Power Rangers, Yugioh, Thundercats"
1611,"movie posters, concert posters, photography, entertainment memorabilia"
1613,X-treme figurines
1615,"Coca-Cola items, Capo di Monte figurines, depression glass, vintage newspapers, Royal Doulton"
1617,"marvel minimates, mighty muggs, beanie babies, papertoys"
1619,"vintage sign reproductions, faerie glen faeries"
1621,"firefighting memorabilia, wolves, indian, combat items"
1624,match
1631,SRG Animals
1637,Harry Potter
1639,schleich
1642,cars
1644,stuffed animals
1647,"78s, Edison Diamond Discs, Mono LPs, Transcriptions, Acetates"
1648,Casper
1651,"Marbles, Canning Jars, bottles"
1654,beer glasses
1655,beer cans
1656,Marilyn Monroe memorabilia
1657,"engravings, books"
1658,M&Ms
1665,"polar bears, penguins"
1668,"micro machines, marvel superhero squad, transformers"
1669,Hand-Painted Glassware
1671,superhero glasses
1674,neon beer signs
1680,"Jurassic park, King Kong"
1684,"vintage jewelry,  glass vases, glass art objects, trinket boxex"
1691,snowglobes
1696,dragons
1698,"WWE Pendants, Lord of the Rings collectibles"
1701,"Batman, Star Trek, Star Wars "
1704,
1707,Schleich plastic animals
1713,"Ancient coins, BankNotes"
1719,"hot wheels, jada, johnny lightning, green light"
1720,1960s toys
1721,"Antique composition dolls, antique toasters, 1924 items, 1924 photographs"
1723,"power rangers, wwe, video games"
1724,Vintage squeaky toys
1725,roosters
1726,plastic animals figures
1730,toy plastic animals
1737,"Power Rangers, Comics, Video Games"
1738,"Schleich, toy animals, Papo, Bullyland, Safari L.T.D."
1741,
1742,"beanie babies, mighty beanz"
1743,"Toy animals, Britains, Schleich"
1744,"Manga, action figures, DVDs, Video games"
1745,"Porcelain dolls, vinyl dolls,  Diana effner, monika levenig, elisabeth lindner, madame alexander, Barbie dolls"
1747,"beer napkins, beer menus, beer glasses, beer coasters"
1748,Gold coins
1754,
1759,TY Beanie babies
1771,"Canadian Military Aviation Uniforms, Canadian Military Badges"
1866,animal figurines
1873,"horse racing pictures, antique golf clubs"
1928,oddities
1929,"currency, coins"
1954,
1995,Snowglobes
1996,wrist watches
2010,stamps
2016,"watercolors, hand tints, LPs, electronics, boxes, tins, books,"
2032,books
2035,Folk Art
2038,cookie jars
2057,Precious Moments Figurines
2079,books
2109,"books, CDs"
2116,Magazines
2121,"Silver Crest, Fenton"
2188,handbags
2189,"batman, star wars"
2214,Comics
2216,Johnny's entertainment merchandise
2220,plastic animals
2262,handbags
2270,
2273,stamps
2281,Shoes
2302,Cosmetics
2304,blastcapsreview
2307,Water Coolers
2315,"Plastic animals, Schleich, bullyland, safari, noah, papo"
2359,bellanuereview
2371,Cosmetics
2376,Star trek plates
2390,"Graphic Novels, Comics, Manga"
2396,power rangers
2408,Lion King; Plushes
2415,"Stamps, coins, paper money, War Medals"
2416,"Beer cans, breweriana"
2420,
2450,antiques
2452,department 56 collectibles
2455,wedding gowns
2459,book matches
2461,Blue Danube
2462,Action Figures
2463,"black americana, anthropomorphic, vintage landscapes, cookie jars, salt and pepper shakers, primitives"
2475,cats
2485,
2486,"vintage cards, ephemera, playing cards, old artwork, Valentines"
2489,science fiction collectibles
2494,books
2495,
2502,"comic books, movies, videos, records, CDs, buttons"
2514,devil duckies
2525,
2526,animals
2527,toys
2529,model animals
2536,"Crowntainers, breweriana"
2545,dog supplies
2560,
2562,hats
2571,Schleich
2573,"Star Wars, G.I. JOE"
2591,dreamsicles
2598,"books, game consoles"
2604,Plush Toys
2606,flowered china
2607,premier league stickers
2620,
2622,mighty beanz
2627,chinese art
2644,
2650,wedding rings
2651,books
2657,Dresses
2659,Mighty Morphin Power Rangers
2665,harry potter
2671,wonder woman
3023,"Animal replicas, vintage rubber toys, books"
3114,"toy animals, fantasy figurines"
3558,"OF Breyer models, CM Breyer Models, Equorum, Schleich, Papo, Safari, CollectA, Mojo, AAA, ELC, Made in China, Yowie"
3643,"lion king plushies, Ginga Densetsu Weed, Kimba"
4267,"prehistoric mammal figurines, skull replicas"
4404,"Lion King plush toys, Disney, How to Train Your Dragon, Nintendo, Harry Potter"
4509,"Lion King, world currency, license plates"
4587,x10 Interface
4596,"Vintage Pyrex, Pink Depression Glass"
4599,"Dinosaur Figures, dinosaur Models"
4602,
4606,"Schleich animals, Papo animals, Safari animals"
4676,rubber ducks
4711,"GP, Pop art, sports cards"
4770,"dolls, fabrics, handmade papers"
4884,"Vintage lingerie, vintage training bras, vintage panties, vintage slips, vintage swimsuits"
4897,"mecha toys, GI Joe, Star Wars"
4910,britney spears memorabilia
5013,"GFs,  fans"
5024,Mighty Beanz
5034,baseball cards
5129,snowglobes
5183,Lion King figures
5192,"Doujinshi, Figures, Vintage Russian Items, Taxidermy, Erotica"
5199,Coins
5214,"Intime, Olga, Miss Elaine, Vanity Fair"
5215,"Harry Potter, Video Games"
5221,lion king
5251,"Barbie dolls, Power Team, Hot Toys, Fashion Royalty, Sideshow Toys, 1:6 playscale dolls, action figures"
5270,"lion king , dalmatians"
5312,manga
5319,Shells
5333,
5338,model horses
5342,Star Wars action figures
5360,Vintage optometry items
5364,Pokemon
5372,"Disney plushies, Balto Plushies, The Vampire Diaries merchandise"
5412,cars
5493,"movies, cartoons, comic character figurines"
5497,"lion king, 101 dalmatians, balto, oliver and company, 9/11"
5504,records
5518,"African American art, Essence Music Festival collectibles"
5901,
5917,"Pokemon, Star Wars Figurines, Happy Meal Toys, Snowglobes"
5964,"rubber ducks, Mr Potato Head, mannequins"
5965,"My Little Pony, Pokemon, Shikijika, Deerling"
5967,"Star Wars figurines, happy meal toys, cook books, snowglobes"
6063,Avation Photos
6078,stamps
6082,"Star Wars, urban vinyl, 1980s toys, Lego minifigs, comics"
6102,"DVDs, Music, videos"
6207,cookie jars
6217,Rubber Ducks
6359,"G. I. Joe action figures, Super Powers Action Figures"
6363,"Transformers, Lord of the rings, Star Wars, Lego"
6404,"Buttons, pins, ferrotypes, ribbons, posters, 3D"
6438,Teenage Mutant Ninja Turtles
6441,"Breyer Models, Build-A-Bear Workshop, My Little Pony, Schleich Models, Cabbage Patch Kids, Littlest Pet Shop, Ty Beanie Babies, Zhu Zhu Pets, FurReal Friends"
6447,Lion King figures
6453,"Lion King, 101 Dalmatians, Disney, plush toys"
6499,"Newfoundland coins, Ancient coins"
6563,Batman
6576,Theodore Roosevelt memorabilia
6581,"San Francisco, Elephants, Architecture "
6588,antiques
6589,Vintage Advertising
6592,beer steins
6596,"salt & pepper shakers, Miss cutie pie"
6599,Vaseline glass
6601,Board games
6602,Cleveland Browns
6607,Books
6608,"Pinball, Slot Cars"
6611,Fish items
6612,
6613,"baseball memorabilia, WWII memorabilia, movie posters"
6614,
6615,
6616,space memorabilia
6619,
6621,
6624,"French bulldog items, Boston terrier items"
6627,
6629,records
6633,
6636,
6637,
6638,
6643,Coins
6645,Disney Collectibles
6650,"vintage bingo cards, coloring books"
6652,"knick knacks, vintage, art, rocks, owls"
6654,
6656,antiques
6658,"PRESIDENTIAL memorabilia, POLITICAL memorabilia, HISTORICAL MEMORABILIA"
6671,Wooden Items
6675,toys
6677,"toys, action figures"
6683,"Art, Rare Books, Modern Furniture, Jazz Vinyl, jazz Memorabilia"
6684,Winnie The Pooh Mugs
6692,Gas station items
6693,Antiques
6695,"action figures, books, CDs"
6696,Dishes
6697,"harley davidson items, gas and oil products"
6698,
6699,"Radios, transportation, guns"
6700,"pottery, antique cameras, furniture"
6701,comic books
6702,"Knives, Marbles, Coins"
6704,Political pins
6705,
6706,
6707,
6709,"antique jewelry, watches, cameras, coins, books"
6711,war memorabilia
6712,Glasses
6713,coins
6714,"juke boxes, barbie dolls"
6715,"coins, knives, shot glasses"
6716,"Coins, comics, shoes, video games, orbit gum packs"
6717,"Primitives, witches, photos, linens"
6718,airplane mementos
6719,"nautical memorabilia, musical instruments "
6720,
6722,
6725,military memorabilia
6726,currency
6727,"books, civil war"
6728,sports equipment
6729,Art
6730,"football cards, collectible cars"
6731,stamps
6732,weapons
6733,"books, antiques, jewelry"
6734,"Art, coins, currency, folklore, voodoo, sports "
6735,"vintage books, documents"
6736,sewing items
6737,
6738,coins
6739,gas and oil memorabilia
6742,"stamps, coins, books, autographs, sports memorabilia"
6744,
6745,
6746,"antique coins, stamps, books, paintings, records, currency"
6748,"cigarette lighters, bottles, knives"
6749,"stamps, bank notes, coins, watches"
6750,
6751,
6752,"sterling silver, silver plated items"
6753,antique costume jewelry
6754,"civil war, pop culture, toys"
6759,"Marx Brothers, snoopy, 1960s stuff, movie memoribila"
6760,"Antiques, Collectibles, Vintage"
6761,WWII military items
6762,"Antiques, Vintage items, Shabby chic, Jewelry, Pottery, Glass"
6763,Star Wars
6764,police memorabilia
6765,
6766,historical memorabilia
6767,
6770,Americana
6771,superman action figures
6772,Bags
6773,"toys, metal items"
6774,"toys, metal items"
6776,"stamps, coins"
6778,"Arrowheads, Southeastern U.S. artifacts"
6779,Pinball Machines
6780,"Books, coins, antiques"
6781,civil war
6782,WWII
6783,Sylvia Hood chalkware
6784,vintage posters
6785,"Indian artifacts, guns, sports"
6786,
6787,WWII Militaria
6788,
6789,Chinese
6790,Toys
6791,license plates
6792,"military items, scotch bottles"
6795,"1/8 diecast vehicles, silver dollars, old knives"
6796,laserdiscs
6798,"stamps, coins "
6799,"m&ms, nascar"
6800,"whisky jugs, breweriana"
6801,"Comic Books, Records,Trading Cards"
6802,sports memorabilia
6803,"cameras, coins"
6804,WWII memorabilia
6805,"coins, sports cards, paper money"
6806,"Comics, vintage toys, vinyl toys, action figures"
6807,Coins
6808,
6810,civil war memorabilia
6812,
6814,baseball items
6816,
6819,
6820,"Comics, film & television memorabilia"
6821,training bras
6823,"1:18 scale die cast cars, police night sticks"
6825,Lion King
6826,cars
6827,Toys
6830,Coins
6832,"Nascar, dolphins, dragons, wizards"
6834,toys
6835,
6836,
6837,antiques
6838,"Toys, old radios, phonographs, 1970s"
6840,
6841,"Video Games, Nintendo NES, SNES, Gameboy, SEGA, Playstation"
6842,"vintage jewelry, toys "
6843,antique costume jewelry
6844,dog beds
6845,
6846,"unicorns, metal paperweights, elephants"
6847,
6849,
6850,
6851,"cars, bikes, harley-davidsons, coins"
6852,coca cola
6853,Military
6855,military
6856,
6857,"comics, toys, coins, books, glassware"
6858,
6859,Coins
6861,Coins
6862,Lion King
6864,"Antiques, Maps"
6865,Vintage toy robots
6866,"copper jello molds, Christmas Nutcrackers"
6867,toys
6868,"glassware, silver, pottery"
6869,"Bustanoby, Forbidden Fruit, Cafe des Beaux Arts, Casino Beaux Arts"
6870,"clan maclaren, Atlanta Braves, civil war"
6871,Signs
6873,"wedgewood, royalty items, hall china"
6874,military memorabilia
6875,Space Race paraphernalia
6876,"Handmade natural items, artwork, lotions"
6879,Coins
6883,cookie jars
6884,"golf clubs, antiques, sports memorabilia  "
6885,shoes
6886,post cards
6888,"retro, indian, art"
6891,Computers
6892,Glass
6893,"art, signs, vintage photos"
6894,Elvis Presley Memorabilia
6895,
6896,
6897,Coins
6898,pictures
6899,"jewelry, fiestaware, wonderwoman"
6900,"rc, common coins, baseball"
6902,"vintage toys, bottles, kitchen ware"
6903,"Sports memorabilia, photography, guitars"
6904,"Beer Cans, Salt and Pepper Shakers"
6905,"egg plates, primitives, watts pottery, dishes"
6908,"coca cola, antiques"
6909,Civil War
6910,
6911,"MAD, vintage WANTED posters, R&R memorabilia"
6912,
6915,
6916,
6917,"Post cards, salt & pepper shakers"
6918,fountain pens
6924,"glass, musical instruments"
6927,"hats, sewing boxes, button boxes, original paintings, signed books, first edition books, inkwells"
6928,"Toys, Christmas, WI Memorabilia"
6929,"Plastic Jewelry, farm implements, kitchen implements"
6930,toys
6931,"1950s items, 1960s items, 1970s items, Militaria"
6932,"baseball cards, comic books"
6933,
6934,"Automobiles, motorcycles, automobile & motorcycle parts, automobile & motorcycle accessories"
6935,corals
6936,bottles
6937,
6938,Antiques
6940,"coins, stamps"
6941,M&Ms
6942,"Silver, Green Bay Packer stuff, Harley Davidson"
6944,rings
6945,Gas station memorabilia
6947,wine
6954,cars
6959,
6960,"Civil War, World War I, World War II, Americana"
6962,Dolls
6963,
6966,"cases, dispensers"
6969,antiques
6971,Medical Books
6975,
6977,mobile phones
6981,
6983,
6984,
6985,"Fossils, space memorabilia, sharks, beatles, WWII, history"
6987,"Plastic Model kits, dinosaurs"
6988,
6989,
6990,clothing
6993,money
6994,trampolines
6996,Bottles
6997,software
6999,old american coins
7002,"seashells, beach items"
7005,
7006,Bags
7008,
7009,Plastic Animal Figurines
7011,Disney merchandise
7012,"coins, american history items"
7013,"baseball cards, toys"
7014,
7017,
7019,"WWII memorabilia, JFK"
7020,historical
7021,Instruments
7022,toys
7024,
7025,balls
7026,
7027,stamps
7028,money
7029,beer
7030,"bobble heads, vintage rubber dolls"
7031,
7032,money
7033,
7035,
7036,"depression glass candle holders, powder boxes"
7038,historical memorabilia
7039,"Jo blocks, lionel, tire ashtrays, watches"
7040,bicycles
7043,shirts
7045,ambots
7046,"Vintage, Antiques"
7048,Clothes
7051,
7053,"rocks, marbles"
7054,dollars
7055,Bottles
7056,superbowl rings
7057,"Antique Jewelry, Books, records, weapons"
7059,Toys
7060,Toys
7061,soda signs
7062,
7063,metro DC badges
7064,"guns, safes"
7065,action figures
7066,medical equipment
7068,"First print books, magazines, vintage clothing"
7069,movie props
7070,Mid Century Modern
7071,"gold, silver"
7072,
7073,fashion
7074,
7075,
7077,"guns, safes"
7079,"postcards, greeting cards"
7080,Bottles
7082,Sports Memorabilia
7083,power rangers
7085,marilyn monroe
7086,1800s lighthouse replicas
7087,"coins, antiques, pottery, books, art"
7088,
7089,dolls
7093,cookie jars
7094,gold
7097,clips
7099,coins
7101,
7102,
7103,
7104,money
7108,guitars
7111,stamps
7112,
7113,"coins, stamps, watches, beanie babies"
7115,utensils
7116,Bottles
7120,
7121,log pieces
7122,
7124,"Political Buttons, Obama"
7126,
7128,
7129,
7133,
7134,"care bears, balto"
7135,
7137,shells
7139,"horses, elephants, rhinos, cattles"
7140,stamps
7141,"sports, LPs"
7142,
7143,
7144,cards
7145,
7147,fossils
7148,tin toys
7150,
7151,
7152,Toys
7155,
7157,"records, antiques"
7158,History
7159,
7160,"coins, trunks"
7163,WWII posters
7164,WWII
7165,
7167,
7168,precious moments
7170,
7171,Antiques
7176,"French bulldogs items, Boston terrier items"
7178,coins
7179,Pool Cues
7180,"Matchbooks, coins"
7181,coins
7182,Stamps
7184,
7185,Toys
7188,stamps
7189,WWII
7190,
7191,"military, air force, money, knives, guns"
7192,"glass, brass, horse items, pottery"
7193,"art, maps, furniture"
7194,Harry Potter
7195,
7198,
7204,
7205,
7208,
7210,Toys
7214,
7218,Lion King
7219,stamps
7220,
7223,
7225,Toys
7226,
7228,Stickers
7230,"Photos, ephemera "
7232,books
7233,safes
7234,
7235,
7236,
7238,
7239,
7241,stamps
7244,books
7245,"balto, dogs, care bears"
7246,Jars
7247,money
7248,Coins
7249,Toys
7252,"Glass, China, Porcelain, pre-1980"
7256,Coins
7257,Coins
7259,
7262,Coins
7268,
7270,toys
7271,"casino, hotel, oddities"
7273,
7276,"animal figures, zoo accessories"
7277,teddy bears
7278,toys
7282,antiques
7283,
7284,Gold Coin
7286,
7287,rupee
7289,
7290,Coins
7293,
7294,hippos
7295,stamps
7296,Tea cups
7298,Bunkhouse Blueprints
7299,"vintage, retro, miniatures"
7300,birds
7304,Toys
7306,balls
7309,
7310,
7311,jewelry
7312,coffee mugs
7313,
7315,
7317,action figures
7319,Coins
7320,cars
7321,
7322,Disney
7323,Lion King
7324,bicycles
7325,stamps
7328,
7330,Owls
7332,"retired schleich toys, pao toys, safari toys"
7335,"restaurant ware, pyrex, milk glass"
7347,stamps
7348,Lion King
7349,
7350,
7351,101 dalmatians
7352,coins
7353,aquarium fish
7355,Photos
7356,"Stamps, lighters, small cars, vintage flashlights"
7358,power rangers
7365,
7366,stamps
7367,
7368,Coins
7373,
7377,
7378,cookie jars
7379,Toys
7384,
7387,
7390,Cats
7393,cookie jars
7394,
7395,
7397,"Disney, Futurama, Gundam, Kingdom Hearts, Okami, Pokemon, Sonic the Hedgehog"
7398,Snowglobes
7399,Goods
7402,Bottles
7403,
7407,
7409,Paper
7410,Toys
7411,jewelry
7412,
7413,Coins
7414,Celine Dion
7415,
7418,
7424,
7425,power rangers
7426,
7427,stamps
7428,gold
7429,
7431,
7433,
7434,boxes
7437,Antiques
7438,
7439,"Disney, Plushes, Action Figures, Anime PVCs"
7440,
7443,vintage records
7445,
7446,Harry potter
7447,
7450,
7457,ceramic spice sets
7463,
7464,
7465,
7466,money
7468,
7469,Comic Books
7471,Hotel Safes
7476,
7478,rayban
7481,
7487,"Owls, Holly Hobbie, Junghans Clocks"
7489,stamps
7491,"toy soldiers, action figures, armored vehicles"
7492,Dragons
7493,
7498,
7500,"snow babies, dept 56 villages"
7502,Cookie jars
7503,Stamps
7504,Cards
7505,"pottery, antique rings"
7506,gold
7507,
7509,Antiques
7512,power rangers
7520,
7523,puppet
7524,
7525,"cows, apples"
7526,stamps
7527,
7528,
7530,
7532,Toys
7533,
7534,"Brooklyn Dodgers, Pittsburgh Pirates"
7538,rayban
7543,jewelry
7546,wine
7547,starlux animals
7550,jewelry
7551,
7552,snowglobes
7555,"Cards, Money"
7556,"Snowglobes, toys"
7557,Dino Riders
7559,
7561,teddy bears
7567,stamps
7569,Toys
7570,
7573,
7578,"Animal figurines, Teddy bears"
7580,vintage Pyrex
7581,Stamps
7582,Snowglobes
7583,monopoly
7590,
7591,
7594,"cards, gift wrap, toys, fabric"
7596,
7607,elephant items
7609,costumes
7614,"Transformers, Books"
7617,
7618,"Dinosaur figures, Animal Figures"
7622,
7623,"toys, props, costumes, wands"
7625,GOLD
7630,"Mcfarlane toys, Taxidermy"
7631,"taxidermy, automatons, victoriana, jewelry, dï¿½cor"
7633,Photographs
7637,coins
7638,sports memorabilia
7639,"vintage perfume bottles, 1980s toys, vintage clothes, jewelry, kitsch"
7648,prehistoric mammals
7649,lion king
7652,breweriana
7658,"Noble, Harry Potter"
7666,Snowglobes
7667,turtles
7672,"Newspapers, stamps"
7678,elephants
7679,"The Lion King, Balto"
7682,Pokemon
7690,"Dolls, Coca-cola, enamelware, fans"
7694,Guitars
7695,Vintage posters
7700,superheroes
7702,Dinosaurs
7703,cards
7720,"lebanese paper notes, lebanese coins"
7722,vinyl lps
7723,Comedy albums
7731,elephants
7732,jurassic park
7735,"radios, clocks, cameras, record players"
7737,
7739,Disney clothes
7741,
7743,
7753,
7756,horse-drawn wagon parts
7759,"Circus, Carnival"
7775,Mammoth and Prehistoric mammals
7779,"clocks, neon items"
7808,Action figures
7823,
7858,neon beer signs
7892,Saridis of Athens
7961,disney
7994,antiques
7999,lion king
8009,stamps
8016,"Sports, coins, TCG cards"
8017,plush toys
8027,
8031,plush toys
8042,Toys
8060,Lion King
8086,"glasses, mugs"
8105,records
8106,"Vintage Furs, Art Deco, Movie Stars"
8122,Breweriana
8130,Political Buttons
8138,
8139,"currency, militaria"
8150,power ranger
8169,Vargas
8193,books
8194,toys
8195,
8196,Elvis Presley Memorabilia
8199,
8209,
8210,
8212,
8214,
8216,
8217,
8221,
8223,
8225,
8226,"artwork, figurines"
8228,
8229,
8231,toys
8232,
8233,
8234,
8235,
8237,
8238,"Dvds, Movie Memerobilia, Horror"
8239,Stamps
8240,"coins, stamps"
8243,bones
8244,pens
8246,vinyl records
8247,
8248,
8253,toys
8257,Bathing Suits
8262,
8266,costume jewlery
8270,
8271,"anime, movie figures"
8276,
8277,military
8278,"Skeleton Clocks, English Fusee Clocks"
8285,"glass, rocks, trinket boxes, turtles"
8299,"Political items, chess "
8310,Toys
8313,
8330,MATCHBOOKS
8331,"Comics, motorcycle collectibles, cirque du soleil"
8334,"television props, movie props"
8335,"marx toys, fish, frogs, butterflies, cats"
8345,
8350,annie lee cookie jars
8369,"medals, royal memorabilia"
8376,rocks
8387,"Vintage lingerie, vintage lingerie Packaging, vintage lingerie Advertising"
8392,pottery
8411,silver
8412,Pocket Calendars
8414,food
8416,
8417,coins
8421,"Plush toys, Figures"
8422,"Spiderman, Batman, Sports, Beatles, KISS"
8424,Dinosaur Toys
8431,"Great Dane items, tins"
8432,chicken
8475,"Lion King, Balto, Ginga, Yu-gi-oh, Felidae, Ghibli"
8476,"batman, superman"
8477,
8478,
8479,jackets
8480,
8484,M&Ms
8485,plush toys
8488,"Original Finish Breyer, Schleich, Dragons"
8494,Power rangers
8503,"toys, books, antiques"
8504,glassware
8527,breweriana
8532,"Alien, Predator, Warcraft, Ghostbusters, Pins"
8545,
8546,toys
8547,
8553,dinosaur toys
8554,"Cookie Jars, Sewing Patterns"
8555,bears
8556,Modern 1st Editions
8560,"toys, old cutter quilts, brass"
8561,scooby doo
8568,
8586,Teabags
8588,
8594,lion king
8595,"Breweriana, Brake Service or Fluid"
8597,Leaflet Printing
8603,flowers for hair bows
8604,toys
8605,stamps
8606,Pleated Jeans
8607,cookie jars
8608,rugs
8609,Cleveland Browns
8610,
8611,
8612,toys
8613,coins
8614,signs
8615,
8616,
8617,power ranger helmets
8618,snowglobes
8622,
8626,"salt and pepper shakers, cookie jars"
8638,Star Wars Figures
8641,skulls
8652,
8653,Disney Snowglobes
8655,"History items, militaria, firearms"
8665,
8666,"prehistoric animals, dinosaurs, modern animals"
8676,"art, Photography"
8679,Ceramics
8688,Yugioh cards
8693,"cosplay, anime, manga, video games, comics, movies"
8709,"litho letterheads, old photos"
8710,animal figurines
8711,"stamps, coins, santas, records, avon"
8720,disney
8721,
8723,Harry Potter
8728,"Primates, apes"
8730,
8732,"Parasaurolophus, Dinosaur figures"
8741,snowglobes
8743,plastic toy animals
8759,thomas trackmaster trains
8760,
8763,Plushies
8767,
8768,coins
8782,"toys, comics"
8785,"Harry Potter, Tim Burton"
8789,toys
8790,"Woodsy Owl,   McCoy   Hake"
8791,keys
8792,"Antiques, Salvage"
8798,"china, antique glass"
8799,miniatures
8828,
8829,animal toys
8834,Animals Figurines
8839,Lion King
8847,Plastic animals
8855,
8857,"gas, oil, automotive"
8873,"Power Rangers, Monster High"
8899,Sleeping beauty
8901,
8907,Harry Potter
8909,Stamps
8912,Lion King Merchandise
8913,"Lion King, Bolt"
8915,Snowglobes
8925,
8929,"books, antiques"
8936,"Eevee, Scar, Kovu"
8937,bleach
8948,"Manga, chess figures, magazines, artbooks, doujinshi, guide books"
8952,disney figures
8956,power rangers
8957,cookie jars
8967,Shoes
8976,"Vintage Super Powers, Vintage Secret Wars"
8978,"Midieval art, Byzantine"
8989,plush toys
8990,super hero items
8992,"toys, models, props"
8993,dinosaur figures
8994,home goods
8996,metal gear
9007,"giraffes, rabbits, china"
9009,dinosaurs
9012,cookie jars
9013,Dinosaur figures
9017,"Lion King plush, Aristocats plush"
9018,"beer, fishing stuff"
9019,Harry Potter
9021,Star Wars
9032,"music, stereo equipment"
9037,"Action figures, movie props, movie replicas, horror"
9038,"Toys, books, art"
9049,matchbooks
9051,Lion King
9053,anima replicas
9060,cookie jars
9063,"tonde buurin, mahou shoujo"
9071,"Lion king, disney, plush toys"
9072,"Aircraft, Animal figures"
9073,power rangers
9075,Toys
9087,"Lion King, Coins, paper money"
9092,m&ms
9098,Manga Books
9103,toys
9104,Wonder Woman
9108,
9113,
9114,Stuffed animals
9116,"Batman action figures, Wolverine Action Figures"
9126,Lion King
9127,Power Rangers
9128,"Manga, Anime"
9136,"Dinosaurs, Wild Animals"
9139,harley-davidson motorcycles
9140,M&Ms
9141,money
9143,Breyer Horses
9144,Power Rangers
9156,"moroccan items, East Indian items "
9162,Lion King
9164,"Dinosaurs, Prehistoric Animals, prehistoric Birds"
9169,COOKIE JARS
9171,figurines
9188,Winchesters
9195,"Christmas ornaments, books, Buffy the Vampire Slayer, creamers & sugars"
9207,"animal models, animal replicas, plastic animals"
9213,
9214,owls
9216,cloth
9223,"soda products, nascar"
9226,power rangers
9227,"Schleich, Playmobil"
9238,salt and pepper shakers
9246,
9249,"antiques, african, buttons, ephemera"
9250,TVs
9261,"Brewery Advertising, Beer Cans"
9263,fantasy figurines
9265,power rangers
9277,Dolls
9283,toys
9287,muscle figures
9292,Ranger Cosplay
9302,metal items
9317,stamps
9321,lion king
9325,
9332,
9336,Lion King
9337,"prehistoric life, horses, gone with the wind"
9339,
9341,beer signs
9342,"toy cars, electronic gadgets, robots, wrist watches, pocket knives"
9343,
9356,beer cans
9357,"Vintage, ceramics, glass, jewelry"
9369,Wolf merchandise
9376,max figure
9378,European art
9380,"antiques, books"
9381,Bronze sculptures
9382,plates
9386,"Barbie dolls, Coins, Baseball Cards, memorabillia"
9388,
9395,"vintage clothes, ties, sunglasses, Matchbox"
9398,M&Ms
9399,
9407,Lion King Figurines
9412,Disney stuffed animals
9414,
9418,"Re-ment, Iron man toys, Monster High"
9421,"sports cards, comics"
9425,Presidential Pinbacks
9426,
9430,
9431,Action figures
9433,"vintage bicycles, breweriana, tobaccania"
9434,"US coins, Canadian Coins"
9437,coins
9439,"Harlequin glass, Murano"
9441,Mammalian Paleofauna
9444,Industrial Artefacts
9453,
9456,
9460,Rubber ducks
9465,
9466,cats
9467,
9470,Snow Buddies
9471,Composition dolls
9477,"coins, stamps, cards"
9479,"model horses, model cattle, vintage stationery"
9481,dragons
9482,"transformers, gi joe, marvel, dc comics"
9483,Disney
9485,"annalee dolls, boyds bears"
9486,coins
9490,computers
9491,
9492,"Political buttons, coins, books, movies"
9494,Starcraft
9500,Plush toys
9502,Natonal Park memorabilia
9503,Roosevelt Pinbacks
9507,"Action Figures, Die-cast Model Cars, Movies"
9509,"Coins, Magazines, Clocks, Memorabilia"
9510,
9511,Lion King
9512,pottery
9516,"jade, pearls"
9520,"greeting cards, costume jewlery"
9521,replicas
9522,
9523,bags
9524,power rangers
9527,"Tarepanda, San-X, kawaii, Sailor Moon, shoujo, Hello Kitty Panda, video games, coins, Freemason, dragons"
9533,Pocket knives
9535,Teenage Mutant Ninja Turtles
9536,"radios, albums, films, televisions"
9536,Bears
9537,toys
9538,airline
9539,
9539,fitness bands
9540,books
9541,Maximus
9542,Isabel
9547,Power rangers
9550,electronics
9550,
9551,
9552,Lion Figures
9553,Dragon Statues
9553,Coins
9554,
9555,
9556,
9557,Anime
9557,money
9558,
9559,
9560,Shoes
9561,Cookie Barrels
9561,BRACELETs
9562,Power Rangers
9563,animal figures
9565,"stanley pottery, touraine"
9565,angels
9566,tubes
9567,"Car parts, antiques"
9567,
9568,
9569,
9577,"Transformers, action figures, dinosaurs"
9579,"Wooden ducks, Bells"
9584,videos
9586,"power rangers, heroclix"
9587,hummels
9595,Batman
9598,antiques
9602,rubber ducks
9604,antiques
9605,mirrors
9606,"vintage cameras, musical instruments"
9607,games
9628,Super Hero Squad Figures
9639,Stamps
9640,"Coins, teabags, movies."
9641,coins
9643,cookie jars
9644,lion king
9650,"world coins, Postcards"
9652,"Winchesters, Stamps, cars, currency"
9655,
9657,"Tim Burton, Disney"
9658,"Vintage clothing, antiques"
9659,"guitars, musical instruments"
9668,plastic figures
9669,"Political pins, political buttons"
9670,monkey beanie babies
9671,teacups
9678,jurassic park dinosaurs
9681,
9688,"cookie jars, Santa Clause dolls"
9691,"Lion King, My Little Pony"
9703,lingerie
9710,gold jewelry
9711,"Soda, Automotive, Food"
9712,"Matchbooks, matchboxes, records"
9718,"power rangers, dino thunder white"
9719,"presidential memorabilia, political memorabilia"
9720,"Art, Cameras, Furniture, Watches"
9721,coins
9728,bikes
9729,Buttons
9732,Disney plush toys
9763,
9782,
9792,
9794,Star Wars
9795,kitchen ware
9797,
9799,eggs
9805,Lion Figures
9808,
9810,diecast
9814,Guns
9818,lighters
9820,
9824,Snowglobes
9825,
9826,"Mr Rogers, Sesame Street"
9827,Lion King
9846,"Disney, Beauty and the Beast"
9854,"Vampire Diaries, Twilight, Trading Cards"
9859,"dolls, books"
9860,NFL
9862,
9863,plush toys
9867,"ML Avengers, Thor"
9870,
9874,Political Items
9887,
9888,schleich dogs
9895,"Barbie dolls, My Little Pony, Trolls, Pound Puppies"
9896,Etude Magazine
9897,"miniature perfume bottles, tea cups"
9916,
9919,perfume-related items
9920,rhinoceros figurines
9924,"toys, automobilia 1900-1970"
9925,"Lion king, Disney, KoRn, trinkets"
9930,"Dreamsicles, barbie dolls"
9936,"piggy banks, horses"
9937,Lion King
9941,Political Items
9952,plates
9954,"Presidential memorabilia, autographs"
9955,"Lion king, littlest pet shop, my little pony"
9956,xtreme figurines
9957,
9958,
9961,
9962,Cloths
9963,kcups
9965,
9966,
9967,
9970,"Lion King, Disney"
9971,"advertising pens, advertising pencils"
9972,
9973,antiques
9974,
9975,Coins
9976,cards
9977,
9978,
9979,1950 bullet bras
9980,
9981,action figures
9983,
9984,
9985,comic books
9986,money
9987,Movies
9988,fans
9989,
9990,
9991,
9992,Bags
9993,Cloths
9994,"CDs, vinyls, DVDs, VHS"
9995,
9996,
9997,birds
10000,
10001,
10002,
10003,photos
10005,Snow buddies
10007,"Lion King, Mlp Fim, Balto, Okami"
10018,Lion king
10025,
10056,bodybuilding figurines
10061,Toys
10064,"Nightmare Before Christmas, Snowglobes"
10087,beer tap handles
10088,diecast
10097,"cobalt glass, antiques, cookie jars"
10099,"Ethnic toys, ethnic dolls, ethnic games"
10101,
10103,
10104,Jordans
10105,lion king
10114,"Lions, Lion King, plush toys"
10115,"Toys, Halloween"
10116,hockey cards
10119,Harley-davidson
10133,
10134,
10135,
10140,"antique cars, political buttons, pre colombian artifacts, political posters, civil war"
10141,Vehicle License Plates
10142,
10143,
10146,
10148,football memorabilia
10150,Lion King
10151,
10152,antiques
10153,"dinosaurs/prehistoric animals, extant animals, kaiju figures"
10154,Breweriana
10155,art deco watches
10156,"Sports memorabilia, beer clocks"
10158,"china,toys"
10159,princesses
10161,Rhode Island Bottles
10162,miniature perfume bottles
10163,
10164,
10165,spawn collection
10166,"Lion King, plush toys"
10168,
10170,
10172,Breweriana
10173,Shells
10174,"Pokemon, Disney, comic figures, animal figures, Tomy, Bullyland, Schleich"
10176,
10177,
10179,
10180,Cloths
10181,clothes
10182,
10183,
10184,
10185,gems
10186,Handbags
10187,balls
10188,Cloths
10189,
10191,
10192,Balls
10193,
